métrica,valor
estatística_adf,-2.002469176220279
p_valor,0.285491502028123
lags_utilizados,9.0
observações,446.0
valor_crítico_1%,-3.4450973903602367
valor_crítico_5%,-2.868042229965336
valor_crítico_10%,-2.570233448893
