métrica,valor
estatística_adf,-11.751565383174505
p_valor,1.2057220051150929e-21
lags_utilizados,8.0
observações,446.0
valor_crítico_1%,-3.4450973903602367
valor_crítico_5%,-2.868042229965336
valor_crítico_10%,-2.570233448893
